{
  "profile": "baseline",
  "query_count": 104,
  "mean_latency_ms": 2.223709499818282,
  "p50_latency_ms": 2.1915409997745883,
  "p95_latency_ms": 2.544292001402937,
  "p99_latency_ms": 2.7255829991190694,
  "recall_at_1": 0.5,
  "recall_at_3": 0.9519230769230769,
  "recall_at_5": 1.0,
  "mrr": 0.7203525641025641,
  "ndcg": 0.7919889799898022,
  "storage_size_bytes": 19968,
  "points_count": 4,
  "vectors_count": 0
}