{
  "profile": "baseline",
  "query_count": 104,
  "mean_latency_ms": 2.6904583170597527,
  "p50_latency_ms": 2.307540999026969,
  "p95_latency_ms": 4.8883750023378525,
  "p99_latency_ms": 6.5383330002077855,
  "recall_at_1": 0.16346153846153846,
  "recall_at_3": 0.75,
  "recall_at_5": 1.0,
  "mrr": 0.5,
  "ndcg": 0.626087965720285,
  "storage_size_bytes": 19968,
  "points_count": 4,
  "vectors_count": 0
}