{
  "profile": "baseline",
  "query_count": 104,
  "mean_latency_ms": 2.2392619999803944,
  "p50_latency_ms": 2.212708001025021,
  "p95_latency_ms": 2.5812499989115167,
  "p99_latency_ms": 2.799416000925703,
  "recall_at_1": 0.5,
  "recall_at_3": 0.9519230769230769,
  "recall_at_5": 1.0,
  "mrr": 0.7203525641025641,
  "ndcg": 0.7919889799898022,
  "storage_size_bytes": 19968,
  "points_count": 4,
  "vectors_count": 0
}