{
  "profile": "baseline",
  "query_count": 104,
  "mean_latency_ms": 3.2923717974951545,
  "p50_latency_ms": 2.9727079963777214,
  "p95_latency_ms": 5.605291997198947,
  "p99_latency_ms": 6.200749994604848,
  "recall_at_1": 0.4230769230769231,
  "recall_at_3": 0.6346153846153846,
  "recall_at_5": 1.0,
  "mrr": 0.6169871794871795,
  "ndcg": 0.7113875411367123,
  "storage_size_bytes": 0,
  "points_count": 0,
  "vectors_count": 0
}